{
  "M_locked": -0.07256,
  "best_fit": {
    "\u03a9\u2098": 0.2783165926618809,
    "\u03b5": -0.00016869222767099037,
    "\u03c9": 0.5695973239210899,
    "\u03c6": -0.03258770534238087,
    "\u03b3": 0.2452646946097183,
    "H\u2080": 71.18009235546712
  },
  "uncertainty": {
    "\u03a9\u2098": 0.010908179406496467,
    "\u03b5": 0.012321811237469114,
    "\u03c9": 0.2899799794377273,
    "\u03c6": 1.8441267491458992,
    "\u03b3": 0.14242899813238524,
    "H\u2080": 0.22923944300739932
  },
  "chi2_sn": 620.5280094905737,
  "chi2_hz": 31.262298358227024,
  "chi2_joint": 651.7903078488007,
  "aic_joint": 663.7903078488007,
  "bic_joint": 695.2685163294154,
  "chi2_dof_joint": 0.46656428621961393,
  "chi2_sn_acdm": 620.5463835509423,
  "chi2_hz_acdm": 31.219172959252067,
  "chi2_acdm": 651.7655565101944,
  "aic_acdm": 655.7655565101944,
  "bic_acdm": 666.2582926703993,
  "chi2_dof_acdm": 0.46521452998586327
}