{
  "M_locked": -0.1274887754232592,
  "best_fit": {
    "Omega_m": 0.49800933101084754,
    "eps": 0.0014498095095060526,
    "omega": 0.20042979803019403,
    "phi": 0.5219877216255333,
    "gamma": 0.136604799489157,
    "H0": 68.39955426372201
  },
  "uncertainty": {
    "Omega_m": 0.0026472552876461775,
    "eps": 0.006306151294343084,
    "omega": 0.07760077538199465,
    "phi": 1.8082495035495718,
    "gamma": 0.08114921609431319,
    "H0": 0.1366476685405421
  },
  "genesis_field_fit_statistics": {
    "chi2": 16.82891045326369,
    "aic": 28.82891045326369,
    "bic": 60.15115347360738,
    "chi2_dof": 0.012365106872346574,
    "residual_rms": 0.15334742469059315
  },
  "lcdm_fit_statistics": {
    "chi2": 16.265772389965946,
    "aic": 20.265772389965946,
    "bic": 30.706520063413844,
    "chi2_dof": 0.011916316769205822,
    "residual_rms": 0.15336494920041951
  },
  "ripple_suppressed": true
}