{
  "M_locked": -0.07256,
  "best_fit": {
    "\u03a9\u2098": 0.32845319806473383,
    "\u03b5": 2.115134621594216e-05,
    "\u03c9": 0.15281742541322826,
    "\u03c6": -0.03246869935048813,
    "\u03b3": 0.15439020311653773,
    "H\u2080": 71.25756217748301
  },
  "uncertainty": {
    "\u03a9\u2098": 0.06229714343165524,
    "\u03b5": 0.005782754327571225,
    "\u03c9": 0.08359646134523768,
    "\u03c6": 1.8176865354487604,
    "\u03b3": 0.0835964907579464,
    "H\u2080": 0.8076681166268587
  },
  "chi2": 71.88783064554379,
  "aic": 83.88783064554379,
  "bic": 100.40937179218197,
  "chi2_dof": 0.6535257331413071,
  "diagnostics": {
    "z=0.1 check": {
      "dL_Mpc": 451.2200077474805,
      "mu": 38.199381743237204
    },
    "residuals": {
      "mean": 9.962241145371245e-05,
      "rms": 0.11059075662567036
    },
    "param_edge_flags": {
      "\u03a9\u2098": false,
      "\u03b5": false,
      "\u03c9": false,
      "\u03c6": false,
      "\u03b3": false,
      "H\u2080": false
    }
  }
}