{
  "M_locked": -0.1274887754232592,
  "best_fit": {
    "Omega_m": 0.49846119781378634,
    "eps": -0.0011114567442357592,
    "omega": 0.15682817802706356,
    "phi": 0.2798528988166755,
    "gamma": 0.1996013004700317,
    "H0": 68.4659552583766
  },
  "uncertainty": {
    "Omega_m": 0.0028956389159383064,
    "eps": 0.006430242520821658,
    "omega": 0.07918695321695228,
    "phi": 1.8915337624508057,
    "gamma": 0.08236992592196873,
    "H0": 0.10178920712770823
  },
  "genesis_field_fit_statistics": {
    "chi2": 15.306285029627645,
    "aic": 27.306285029627645,
    "bic": 58.62852804997134,
    "chi2_dof": 0.011246351968866749,
    "residual_rms": 0.15340592088878144
  },
  "lcdm_fit_statistics": {
    "chi2": 15.720171599764342,
    "aic": 19.720171599764342,
    "bic": 30.16091927321224,
    "chi2_dof": 0.011516609230596588,
    "residual_rms": 0.15339173439799614
  },
  "ripple_suppressed": true
}