{
  "M_locked": -0.07256,
  "best_fit": {
    "\u03a9\u2098": 0.36731489447211385,
    "\u03b5": -4.565894004213703e-05,
    "\u03c9": 0.15704368807193453,
    "\u03c6": -0.01034701894250345,
    "\u03b3": 0.15406027094416946,
    "H\u2080": 70.2437684624472
  },
  "uncertainty": {
    "\u03a9\u2098": 0.020681940491400295,
    "\u03b5": 0.0057596241043794665,
    "\u03c9": 0.08398657675632153,
    "\u03c6": 1.8113721100216784,
    "\u03b3": 0.08398141954611148,
    "H\u2080": 0.28987693486616356
  },
  "chi2": 599.630625518479,
  "aic": 611.630625518479,
  "bic": 642.9528685388226,
  "chi2_dof": 0.4405809151495069,
  "diagnostics": {
    "z=0.1 check": {
      "dL_Mpc": 456.41986500150614,
      "mu": 38.22426269092183
    },
    "residuals": {
      "mean": 0.007644353812365379,
      "rms": 0.14904818194557623
    },
    "param_edge_flags": {
      "\u03a9\u2098": false,
      "\u03b5": false,
      "\u03c9": false,
      "\u03c6": false,
      "\u03b3": false,
      "H\u2080": false
    }
  }
}